,code,name
0,30198442,董阳阳
1,30197761,彭海平
2,30198173,刘宁
3,30507477,盛丰衍
4,30459973,刘涛
5,30284601,何如
6,30414880,陈正宪
7,30196303,石大怿
8,30070771,刘朝阳
9,30132447,陈伟彦
10,30489618,何家琪
11,30276903,柳万军
12,30132859,夏钦
13,30413691,詹成
14,30040527,郑晓辉
15,30398835,刘平
16,30368303,董浩
17,30310503,张雪
18,30476997,庞宝臣
19,30304584,张惠
20,30177085,袁宜
21,30309957,雷俊
22,30652585,周克平
23,30159168,胡剑
24,30201885,纪玲云
25,30059395,温秀娟
26,30106034,任爽
27,30525085,张燕
28,30201218,李湘杰
29,30445353,吴迪
30,30676026,朱海东
31,30199643,张自力
32,30067891,何秀红
33,30164168,陈学林
34,30201988,张帆
35,30050861,张弘|
36,30528266,赵宗庭
37,30179659,刘太阳
38,30283311,刘杰
39,30079449,邱宇航
40,30361764,钱亚风云
41,30118279,林渌
42,30058026,黄欣
43,30366489,王晓李
44,30164255,张凯
45,30131622,钱文礼
46,30671574,朱律
47,30047657,李轶
48,30051822,赵晓东
49,30047200,刘怡敏
50,30522130,刘晓
51,30373413,罗春蕾
52,30200584,邱世磊
53,30477284,宋璐
54,30106590,徐猛
55,30040525,郑可成
56,30070094,舒灏
57,30070040,刘辉
58,30272179,李敏
59,30297284,王洋
60,30549894,张露
61,30346768,张丹华
62,30441407,胡昕炜
63,30320992,黄海峰
64,30289498,孟飞
65,30079649,何康
66,30138351,曲扬
67,30358188,王亚洲
68,30282657,李文君
69,30338992,杨立春
70,30198937,吴向军
71,30424927,应晓立
72,30560380,闫晗
73,30514820,俞晓斌
74,30578691,林龙军
75,30573788,杨晓斌
76,30062897,李一硕
77,30331917,吴兴武
78,30159178,张芊
79,30331915,王伟
80,30037860,严菲
81,30045022,曾刚
82,30197296,蒋文玲
83,30069764,楼鸿强
84,30059687,聂曙光
85,30562988,钟
86,30527193,尹晓红
87,30369141,张峰
88,30652587,欧阳亮
89,30040406,王立
90,30532044,孙丹
91,30046887,王国强
92,30500367,吴胤希
93,30297382,孙伟
94,30040245,胡振仓
95,30296664,王颀亮
96,30568854,张波
97,30181575,余志勇
98,30276613,王超
99,30573047,王石千
100,30353427,林森
101,30043456,贺涛
102,30304585,朱才敏
103,30488449,岳帅
104,30483498,陈会荣
105,30560444,方孝成
106,30297171,颜文浩
107,30540448,吉莉
108,30057702,刘俊
109,30477247,张东一
110,30299893,杨超
111,30075384,张清华
112,30291931,张雅君
113,30197530,田汉卿
114,30057297,王栩
115,30589071,徐光
116,30541962,龙昌伦
117,30495105,蒋娜
118,30516944,肖瑞瑾
119,30283330,袁媛
120,30140597,胡永青
121,30568351,李昱
122,30364517,张洋
123,30337554,罗远航
124,30099020,陈东
125,30658325,何子建
126,30040278,李建
127,30072562,黄纪亮
128,30200813,邹维娜
129,30181039,王登峰
130,30590412,高崇南
131,30512489,鲁邦旺
132,30655625,朱梦娜
133,30422324,王莉
134,30676969,严婧璧
135,30131213,王晓晨
136,30060003,朱虹
137,30676325,彭紫云
138,30201386,郑伟
139,30324935,杨旭
140,30396510,魏丽
141,30040237,何俊春
142,30075339,代宇
143,30177032,谭昌杰
144,30040436,谢军
145,30044485,许之彦
146,30277862,艾小军
147,30521045,徐成城
148,30064895,周心鹏
149,30558443,于洋
150,30283423,段鹏
151,30580671,周益鸣
152,30428548,裴禹翔
153,30355961,狄晓娇
154,30075368,李达夫
155,30296881,孙丽娜
156,30167602,李健伟
157,30070859,张靖
158,30180540,姜晓丽
159,30527201,柴文婷
160,30527200,刘洋
161,30053934,陈凯杨
162,30335557,王健
163,30387648,徐超
164,30057296,吴振翔
165,30362194,过蓓蓓
166,30200831,王君正
167,30200832,鄢耀
168,30654674,何江波
169,30325634,蔡F
170,30553126,张
171,30347543,唐瑭
172,30409683,刘阳
173,30200977,陈富权
174,30272725,宋海娟
175,30469693,单文
176,30296880,陈雷
177,30522572,田宇
178,30302862,牛兴华
179,30190018,张萌
180,30384402,余红
181,30179374,袁华涛
182,30560442,刘宏毅
183,30560533,孙敏
184,30367887,邓默
185,30367888,王东旋
186,30064759,邓欣雨
187,30040233,过钧
188,30132007,瞿灿
189,30524734,吴文明
190,30053793,戴钢
191,30068797,尤柏年
192,30570419,陈媛
193,30547040,王含嫣
194,30420110,张铮烁
195,30591869,陈洁
196,30505450,黄志翔
197,30346937,李琪
198,30186748,王妍
199,30414340,王林
200,30525551,FAN BING(范冰)
201,30066753,余海燕
202,30062853,邵卓
203,30178998,何晓春
204,30665216,雷志勇
205,30283265,张翼飞
206,30565385,李君
207,30201219,黎海威
208,30335792,孙晨进
209,30524321,王刚
210,30655181,邵强
211,30336358,丁宇佳
212,30273557,许娅
213,30131315,李仆
214,30656435,王致远
215,30405659,梁昕
216,30291930,吴剑毅
217,30040370,孙鲁闽
218,30141893,张富盛
219,30426918,周恩源
220,30553338,陶然
221,30202054,闫沛贤
222,30344667,储雯玉
223,30525101,赵诣
224,30426853,谭小兵
225,30066081,关子宏
226,30041301,曲波
227,30470909,邓钟锋
228,30580635,代毅
229,30511437,杜才超
230,30042300,程洲
231,30301687,徐寅
232,30587662,温开强
233,30519596,王琳
234,30047876,杨林耘
235,30500130,吕军涛
236,30059051,奚鹏洲
237,30275367,范静
238,30512488,苏卿云
239,30555275,周琛
240,30334675,张文平
241,30634032,田元强
242,30444046,陈威霖
243,30612124,米良
244,30040332,毛从容
245,30284340,周海栋
246,30553347,朱浩然
247,30197370,张一格
248,30039171,何F
249,30535656,茹奕菡
250,30056788,龚炜
251,30333215,张亮
252,30299153,李倩
253,30557905,张略钊
254,30196298,谷衡
255,30641135,刘武
256,30536593,郑慧莲
257,30480874,柳世庆
258,30569885,孟昊
259,30066592,赵若琼
260,30283641,徐喻军
261,30362100,王婷婷
262,30054195,刘斌
263,30036321,魏东
264,30070455,刘晓明
265,30080140,施同亮
266,30285611,王霞
267,30582142,王赛飞
268,30272520,朱哲
269,30586266,张航
270,30040179,陈军
271,30571183,欧阳力君
272,30442453,袁玮
273,30309951,王滨
274,30182532,朱建华
275,30418539,茅炜
276,30585916,王峥娇
277,30322942,李博
278,30138583,袁忠伟
279,30072773,颜伟鹏
280,30061219,张永志
281,30038037,万晓西
282,30326166,李
283,30352787,李金灿
284,30295490,张文h
285,30132445,何天翔
286,30130983,武磊
287,30063534,蒲世林
288,30506712,刘志辉
289,30320406,王颂
290,30673714,朱坤
291,30161722,叶乐天
292,30121782,周云
293,30354721,颜昕
294,30414345,赵慧
295,30339258,周华
296,30170018,夏晨曦
297,30296808,顾晓飞
298,30067487,林洪钧
299,30054245,胡伟
300,30516946,姚姣姣
301,30459972,黄海浩
302,30612122,刘博
303,30141534,桑迎
304,30642643,戴计辉
305,30037457,毕天宇
306,30346523,赵治烨
307,30488455,潘飞
308,30397986,张佳荣
309,30362212,杨景喻
310,30301236,樊利安
311,30350674,章晖
312,30272978,王朔
313,30331916,苗宇
314,30131012,王奇玮
315,30571267,刘瑞
316,30165005,江科宏
317,30538860,乔嘉麒
318,30589381,卢绮婷
319,30063126,乔培涛
320,30585642,石峰
321,30287237,吴博俊
322,30130644,梁皓
323,30346517,楼昕宇
324,30588921,任慧峰
325,30050883,周鸣
326,30201644,腊博
327,30079448,姜锋
328,30282411,叶朝明
329,30062210,翁启森
330,30048537,张光成
331,30056329,闾志刚
332,30324725,蔡望鹏
333,30569548,何明
334,30287741,杨冬冬
335,30550178,周建树
336,30062366,谢志华
337,30158277,陶铄
338,30657882,黄河
339,30201905,张慧
340,30063188,毛深静
341,30364302,吴昊
342,30588923,尚杰
343,30285654,钱文成
344,30505082,王昌俊
345,30516943,肖肖
346,30436500,翟秀华
347,30673731,邓娟
348,30551362,刘凡
349,30282873,陈一峰
350,30567145,陈令朝
351,30569624,郑文旭
352,30478225,静鹏
353,30058304,崔建波
354,30389348,栾超
355,30334244,李孟海
356,30200417,王磊
357,30276611,向霈
358,30324785,刘万锋
359,30339269,陈栋
360,30201759,辜岚
361,30079450,陶灿
362,30057450,张胜记
363,30519428,缪东航
364,30665213,朱睿
365,30435557,归凯
366,30522485,黄h
367,30525552,陶曙斌
368,30436998,席行懿
369,30557597,代云峰
370,30437761,吴旅忠
371,30565979,葛秋石
372,30079670,祁禾
373,30531436,王树丽
374,30581788,刘谢冰
375,30301237,夏林锋
376,30335798,李康
377,30590726,倪斌
378,30136174,邹德立
379,30542080,徐涛国
380,30352422,王延飞
381,30297913,梁莹
382,30553955,倪莉莎
383,30361915,刘旭
384,30405171,许燕
385,30442108,林铮
386,30130762,余文龙
387,30322995,陈玮
388,30596703,肖威兵
389,30331914,高宇
390,30428544,许强
391,30425739,陈剑波
392,30283990,赵波
393,30066239,陈鹏扬
394,30442435,童立
395,30521976,付海宁
396,30074226,董晗
397,30177040,薛琳
398,30565730,王欢
399,30198157,魏桢
400,30055955,游凛峰
401,30276918,董瑞倩
402,30071364,魏欣
403,30493590,姚璐伟
404,30137860,陈昕
405,30524752,高文庆
406,30489319,贾仁栋
407,30134220,孔学峰
408,30507645,唐弋迅
409,30277863,周思聪
410,30053345,孟晨波
411,30358426,鞠婷
412,30201127,于倩倩
413,30276097,陈建良
414,30544440,先轲宇
415,30135982,蔡奕奕
416,30040208,丁骏
417,30373412,吴国清
418,30359247,吴江宏
419,30483038,王美芹
420,30292336,李富强
421,30058771,黄万青
422,30475291,赵鹏程
423,30521043,杨
424,30282105,张仲维
425,30570420,周毅
426,30136811,杨欢
427,30432539,李邦长
428,30350050,黄莹洁
429,30131854,连端清
430,30676878,季参平
431,30048635,齐海滔
432,30344666,林清源
433,30526568,刘禹含
434,30655594,王卓然
435,30486557,万民远
436,30519593,李娜
437,30040449,许杰
438,30171107,倪玉娟
439,30166270,刘俊廷
440,30136600,张晓泉
441,30512115,李文程
442,30506428,傅峤钰
443,30398818,彭凌志
444,30592174,陈纪靖
445,30540447,辇大吉
446,30273078,贾成东
447,30198131,程琨
448,30292544,宫雪
449,30283424,滕祖光
450,30053939,李安心
451,30201242,杨凯玮
452,30139111,肖芳芳
453,30587927,任凭
454,30157009,杨永光
455,30052616,徐林明
456,30349210,孙绍冰
457,30316128,高靖瑜
458,30201043,王晓宁
459,30054653,顾耀强
460,30043274,欧阳凯
461,30487956,陈桂都
462,30302515,陈佳昀
463,30130654,侯慧娣
464,30133951,陈钢
465,30299348,袁航
466,30469606,金笑非
467,30574578,郎超
468,30510847,桑劲乔
469,30435243,李晓彬
470,30139227,黄安乐
471,30515274,朱建明
472,30570996,杨思亮
473,30657718,程同朦
474,30548666,翟金林
475,30129488,石玉
476,30297924,郭党钰
477,30133215,宋炳|
478,30517949,周户
479,30624690,王睿
480,30080257,张明凯
481,30195070,王海燕
482,30069893,白洁
483,30072994,胡德军
484,30158947,薄官辉
485,30072426,范妍
486,30543148,李明阳
487,30301031,季峰
488,30560443,王鹏
489,30301680,赵蓓
490,30487957,谭冬寒
491,30507642,李晨
492,30447864,刘莹
493,30132083,冉凌浩
494,30444432,李武群
495,30568966,蔡耀华
496,30334856,于鹏
497,30483469,李佳亮
498,30514363,吴潇
499,30159644,汤海波
500,30653574,朱柏蓉
501,30429976,是星涛
502,30066292,王宗合
503,30582928,贺
504,30338356,光磊
505,30447865,姚志鹏
506,30048530,黎颖芳
507,30380157,盛豪
508,30577939,易小金
509,30378721,汪孟海
510,30584175,刘莉莉
511,30081306,蒯学章
512,30301235,陈乐华
513,30611226,刘勇
514,30200305,杨鑫鑫
515,30568960,蒋雯文
516,30525553,黄华
517,30477712,丁h
518,30458687,赵楠
519,30428547,王斌
520,30516949,李可颖
521,30432062,余昊
522,30523363,易祺坤
523,30541652,赵伟
524,30314120,邱杰
525,30500129,李进
526,30580530,刘锋
527,30562327,杨涛
528,30306037,解静
529,30164013,赵云阳
530,30505081,王祥
531,30325389,李一鸣
532,30040309,刘静
533,30411929,徐成
534,30402513,马斌博
535,30650549,周涛
536,30158961,蔡滨
537,30361763,赵志华
538,30061323,吴印
539,30199302,曹晋
540,30071658,陆志明
541,30528404,霍华明
542,30322659,陈斌
543,30166192,许文波
544,30500700,刘长俊
545,30296357,方抗
546,30656400,索丽娜
547,30319133,蒋秋洁
548,30200585,杨庆定
549,30302420,邵笛
550,30322943,李佳存
551,30527985,张子法
552,30570026,陈瑶
553,30051723,冯@
554,30361543,陈平
555,30285598,曹思
556,30072291,吴邦栋
557,30099698,谢屹
558,30422103,韩冬
559,30286162,杨琨
560,30291932,姚秋
561,30387787,荣膺
562,30397260,陈良栋
563,30194214,廖瀚博
564,30289521,鲍无可
565,30574263,董鎏洋
566,30563666,曲盛伟
567,30081482,林开盛
568,30653327,徐磊
569,30327019,杜洋
570,30050207,赵杰
571,30038036,闫旭
572,30073143,詹杰
573,30324814,葛兰
574,30360649,蔡春红
575,30065310,夏春晖
576,30674079,高兰君
577,30038667,何肖颉
578,30362197,陈思郁
579,30506862,宋洋
580,30182148,刘欣
581,30189737,陈皓
582,30130611,丁进
583,30308132,桑俊
584,30367886,谢泽林
585,30332846,张淼
586,30277897,赵强
587,30519612,林晶
588,30527363,谭丽
589,30347613,董伟炜
590,30142280,魏伟
591,30395963,许一尊
592,30080851,张伟保
593,30500903,周飞
594,30283882,朱宝臣
595,30648778,邓思聪
596,30072305,范贵龙
597,30296525,方纬
598,30395964,胡宜斌
599,30358174,李欣
600,30554640,黎晓晖
601,30192538,郭杰
602,30338359,毛文博
603,30515780,张英
604,30164509,方伦煜
605,30131572,谢振东
606,30608934,谢昌旭
607,30057956,王咏辉
608,30326168,何奇峰
609,30397261,张跃鹏
610,30676327,余罗畅
611,30664734,钱厚翔
612,30040539,周蔚文
613,30105820,陈建华
614,30287646,张玉坤
615,30476984,郭晓林
616,30506861,李德辉
617,30037925,张志梅
618,30355692,吕伟
619,30192023,蔡玮菁
620,30200535,傅浩
621,30137549,唐俊杰
622,30165669,方磊
623,30366118,张鹏
624,30466653,关山
625,30427861,范琨
626,30308061,于军华
627,30044540,王忠波
628,30062904,任琳娜
629,30493595,张剑峰
630,30493843,陈小鹭
631,30287643,周薇
632,30459969,樊勇
633,30297652,乔春
634,30202050,殷瑞飞
635,30050317,吴华
636,30379014,张栓伟
637,30574964,许文星
638,30061107,华志贵
639,30576619,刘相鹏
640,30066221,黎莹
641,30414339,卢玉珊
642,30564992,陈乐
643,30641133,赵锴
644,30276508,孙松
645,30339268,林庆
646,30142281,伍旋
647,30042955,征茂平
648,30576617,于h
649,30357094,万梦
650,30199171,杨柯
651,30588106,盛泽
652,30042940,吴达
653,30056585,王一兵
654,30130834,郑振源
655,30353691,张荣
656,30323724,纪文静
657,30141667,孔令超
658,30036308,易阳方
659,30546172,费逸
660,30062965,蔡宇滨
661,30036857,陈国光
662,30296744,王慧杰
663,30050008,柳军
664,30325360,王俊
665,30335556,邓彬彬
666,30325387,孙文龙
667,30183081,黄栋
668,30439357,蔡晓
669,30565214,金耀
670,30347520,吕中凡
671,30438442,陈璇淼
672,30671430,贺宁
673,30517490,国晓雯
674,30411932,刘田
675,30620919,王
676,30350041,周楠
677,30584529,房建威
678,30130895,焦巍
679,30358177,季慧娟
680,30176648,于启明
681,30673005,汪静以
682,30198307,徐艳芳
683,30355675,沙炜
684,30132446,汪洋
685,30360645,桂征辉
686,30638511,杨振建
687,30392782,陈博亮
688,30431557,范泰奇
689,30570997,韩阅川
690,30057703,许定晴
691,30571509,赵凤飞
692,30061544,王克玉
693,30176853,戴鹤忠
694,30671434,寇文红
695,30587928,和玮
696,30200469,于雷
697,30277290,陈丹琳
698,30304973,张勋
699,30566207,郑中华
700,30199690,黄一明
701,30342413,林景艺
702,30050295,左剑
703,30069921,孙蓓琳
704,30325983,林忠晶
705,30295855,赵耀
706,30107638,聂世林
707,30541266,夏青
708,30425857,张霖
709,30162669,李化松
710,30201169,陈立
711,30388382,杨逸君
712,30298830,莫华寅
713,30185325,李本刚
714,30042249,倪明
715,30063371,苏静然
716,30358212,李晓星
717,30080491,孟亚强
718,30164237,魏博
719,30335793,庄波
720,30054768,吕慧建
721,30067732,郭晨
722,30564304,李瑞
723,30442421,韩林
724,30136523,刘元海
725,30524761,林昊
726,30334535,刘方正
727,30360648,李韵怡
728,30545317,汤志彦
729,30675702,于渤
730,30047836,李晓铭
731,30041150,梅律吾
732,30442797,路龙凯
733,30139986,邬传雁
734,30547041,蔡丞丰
735,30474737,杨子江
736,30355451,马强
737,30164235,周志超
738,30289522,杨挺
739,30519395,丁孙楠
740,30579748,魏泰源
741,30655186,唐丁祥
742,30079452,杨成
743,30189744,张坤
744,30568689,周博洋
745,30574014,张博
746,30560534,吴刚
747,30342496,王然
748,30351000,姜涛
749,30461321,沈潼
750,30590727,赵宇烨
751,30042725,李权胜
752,30310501,招扬
753,30341354,何|华
754,30069125,庄园
755,30531434,张明
756,30072644,提云涛
757,30314034,李亚
758,30360248,张林
759,30040345,饶刚
760,30356637,徐觅
761,30642831,张继圣
762,30066552,冯明远
763,30566688,张楠
764,30351211,刘江
765,30616472,崔蕾
766,30132152,王申
767,30359246,武阳
768,30338740,李双全
769,30599986,曾理
770,30356768,李灿
771,30605235,林晓凤
772,30171108,何奇
773,30162188,沈荣
774,30580367,詹佳
775,30040512,张娅
776,30570417,郜哲
777,30040189,陈少平
778,30578853,许富强
779,30135615,付伟琦
780,30342480,王东杰
781,30557904,李国栋
782,30122779,蒋利娟
783,30403971,任慧娟
784,30304626,金梓才
785,30200459,周晶
786,30570760,周潜玮
787,30200192,苏谋东
788,30335892,尹诚庸
789,30327734,李威
790,30287656,薛子徵
791,30040414,王筱苓
792,30283346,何文韬
793,30040209,董承非
794,30189730,郑希
795,30342561,莫海波
796,30136601,李文宾
797,30061388,张琦
798,30574191,张标
799,30367556,王曦
800,30387290,韩冬燕
801,30580387,王垠
802,30060264,苏圻涵
803,30340342,杨景涵
804,30355271,张旭
805,30588242,王梁
806,30437752,刘珈吟
807,30358425,谭志强
808,30423181,程卓
809,30518868,徐青
810,30138815,沙川
811,30567865,刘盟盟
812,30567866,郭相博
813,30339256,周华睿
814,30159203,车广路
815,30676713,吴秉韬
816,30524724,骆海涛
817,30052601,张原
818,30283066,邱红丽
819,30454053,杨凡颖
820,30200415,周伟锋
821,30618420,王阳
822,30355959,李帅
823,30529017,高钥群
824,30568345,张媛
825,30387650,WANG AO(汪澳)
826,30456606,施旭
827,30662868,刘疆
828,30293817,洪木妹
829,30040408,王茜
830,30272430,李会忠
831,30476645,张永超
832,30164254,刘方旭
833,30515277,雷志强
834,30367885,饶玉涵
835,30063664,吴培文
836,30671187,陆彬
837,30364708,徐治彪
838,30297738,修世宇
839,30435423,顾旭俊
840,30345986,毛矛
841,30574831,朱义
842,30184146,张李陵
843,30061307,陈玉辉
844,30563848,胡尧盛
845,30336833,邬炜
846,30438690,林乐峰
847,30448624,罗薇
848,30284714,王安良
849,30506556,刘心任
850,30130480,林柏川
851,30277939,彭海伟
852,30643584,杨威风
853,30582559,李巍
854,30592131,尹页
855,30042438,黄亮
856,30358533,罗安安
857,30354651,崔莹
858,30342432,秦毅
859,30037591,应帅
860,30474714,薛玲
861,30541989,甘传琦
862,30484792,郭瑞
863,30134062,周大鹏
864,30276556,徐栋
865,30382326,郭
866,30334624,李玉良
867,30323392,史高飞
868,30063687,孙继青
869,30201299,刚登峰
870,30396512,袁芳
871,30406251,张宇帆
872,30364709,胡志利
873,30547037,陈恒
874,30446441,赵鹏飞
875,30399635,刘伟林
876,30201745,杨欣
877,30199412,张海钧
878,30133443,王景
879,30548667,李海宝
880,30156084,侯世霞
881,30066107,邵秋涛
882,30276446,刘美玲
883,30350077,王予柯
884,30137559,林英睿
885,30414135,赵雪芹
886,30519594,李炳智
887,30158291,张一甫
888,30462704,肖林
889,30361538,肖勇
890,30038974,史博
891,30444822,周豪
892,30510278,姚爽
893,30588920,赵国英
894,30542770,金拓
895,30589084,何昕
896,30527192,朱晨杰
897,30467903,梁杏
898,30467905,李海
899,30484789,黎新平
900,30390208,周战海
901,30528543,陈怡
902,30354133,蒋G
903,30590280,马晓璇
904,30382739,王浩
905,30141442,周紫光
906,30040164,曹名长
907,30514243,袁维德
908,30382736,周应波
909,30346940,徐晓杰
910,30672979,牟星海
911,30438881,孙晟
912,30276858,黄力
913,30366104,伍文友
914,30189741,萧楠
915,30588597,王元春
916,30079451,冯雨生
917,30386185,李轩
918,30384800,吴闻
919,30474681,方旭S
920,30272905,王h
921,30549228,彭炜
922,30081613,李守峰
923,30512490,纪青
924,30339882,于航
925,30194541,黄祥斌
926,30283266,马龙
927,30201071,汤丛珊
928,30643356,林悦
929,30447681,史程
930,30553050,范洁
931,30570053,曹潜
932,30430383,张金涛
933,30132991,蓝小康
934,30347548,曲径
935,30589595,金媛媛
936,30073914,王培
937,30181751,刘晨
938,30398823,杨桢霄
939,30137817,宋青
940,30062802,肖立强
941,30446056,王维诚
942,30643144,叶青
943,30591017,谢创
944,30075270,桂跃强
945,30551983,金宏伟
946,30580544,谢玮
947,30649446,郝淼
948,30510277,俞|
949,30059748,王平
950,30403955,成念良
951,30414986,黄文倩
952,30443778,李捷
953,30414609,翟云飞
954,30280086,郭世凯
955,30353480,倪超
956,30196981,韩广哲
957,30297416,蔡乐
958,30411926,王海峰
959,30281714,潘明
960,30649445,李国林
961,30411187,肖世源
962,30589220,范习辉
963,30156331,董山青
964,30301688,杨锐文
965,30201631,陈轶平
966,30477254,张靖爽
967,30476138,夏妍妍
968,30285112,钱鑫
969,30551173,毕凯
970,30572489,吴尚
971,30587429,方钰涵
972,30364521,杨栋
973,30547650,金凌志
974,30040363,史向明
975,30487362,黄晓鹏
976,30285673,蔡向阳
977,30573382,华李成
978,30040634,赵航
979,30164221,陈虎
980,30069259,王怡欢
981,30189735,郑迎迎
982,30297981,游典宗
983,30040293,梁钧
984,30646945,洪志
985,30048419,苏玉平
986,30587652,TIAN HUAN
987,30622568,刘明
988,30484800,苗婷
989,30298306,陈启明
990,30363639,查晓磊
991,30189437,周锦程
992,30567663,刘爱民
993,30522128,王永明
994,30194124,杨衡
995,30574436,陈黎
996,30075269,李栋梁
997,30407680,李耀柱
998,30320416,王小松
999,30292456,程敏
1000,30600339,刘玉
1001,30201494,刘格菘
1002,30574713,高翔
1003,30563505,方红涛
1004,30575994,杜振业
1005,30675243,孟楠
1006,30284212,吴坚
1007,30049770,胡戈游
1008,30355674,杨雨龙
1009,30104250,付琦
1010,30165688,周健
1011,30198225,王鑫钢
1012,30293314,谈云飞
1013,30042839,杜晓海
1014,30081438,李晨辉
1015,30591020,毛静平
1016,30514248,李振宇
1017,30584274,方昶
1018,30197979,朱晓栋
1019,30484801,黄诺楠
1020,30458700,易芳菲
1021,30459970,吴德u
1022,30053761,吴晨
1023,30372525,孙少锋
1024,30166843,董梁
1025,30339881,姚晨曦
1026,30366472,官泽帆
1027,30351814,俞科进
1028,30567939,黄芳
1029,30563849,李俊
1030,30564136,于瑞
1031,30309950,夏高
1032,30359245,王嘉
1033,30400615,张雅洁
1034,30489581,曾婷婷
1035,30176884,郭锐
1036,30296426,梁冬冬
1037,30354798,薛冀颖
1038,30580147,胡琼予
1039,30574983,杨仁眉
1040,30555339,张烨
1041,30073012,蒋鑫
1042,30570052,宋殿宇
1043,30282110,徐莹
1044,30344678,徐
1045,30286580,陈梁
1046,30282655,尹培俊
1047,30072002,张俊生
1048,30467316,郑涛
1049,30408547,涂海强
1050,30054556,王创练
1051,30664765,曲泉儒
1052,30138925,黄春逢
1053,30527099,王衍胜
1054,30650940,黄晓婷
1055,30588924,王瀚宁
1056,30567188,张恒
1057,30301046,金P毅
1058,30477723,王智伟
1059,30197534,洪利平
1060,30296811,贾鹏
1061,30165879,秦昌贵
1062,30425907,李
1063,30349623,戴军
1064,30429665,任
1065,30495360,程
1066,30671593,孙彬
1067,30529020,郑泽鸿
1068,30045608,魏镇江
1069,30359244,石雨欣
1070,30592132,陆奔
1071,30057836,邹新进
1072,30190658,李丹
1073,30305633,吴尚伟
1074,30643366,赵宪成
1075,30273157,祝鸿玲
1076,30338000,魏庆国
1077,30041847,郝康
1078,30607367,侯杰
1079,30132970,庄宇飞
1080,30060263,杨明
1081,30542921,陆秋渊
1082,30424660,苏炫纲
1083,30643306,谭荐丰
1084,30333216,佟巍
1085,30195060,赖中立
1086,30475110,李显君
1087,30080490,韩茂华
1088,30485180,戴骏
1089,30137961,程志田
1090,30430634,杨宇俊
1091,30341628,黄维
1092,30055337,陆欣
1093,30086607,姚航
1094,30418641,张韵
1095,30340691,曹春林
1096,30131224,程远
1097,30176370,郑青
1098,30180919,朱向临
1099,30531140,王家柱
1100,30504974,王晓伟
1101,30584426,倪侃
1102,30428546,孙慧
1103,30399610,俞诚
1104,30078352,袁英杰
1105,30324733,付斌
1106,30362196,康晶
1107,30172457,余芽芳
1108,30161477,李永兴
1109,30446055,陆海燕
1110,30672364,万纯
1111,30324924,高松
1112,30541661,崔思维
1113,30655271,蔡嵩松
1114,30474802,秦斌
1115,30199901,苏昌景
1116,30058046,马文祥
1117,30547038,黄浩荣
1118,30040987,李菁
1119,30299895,蔡文
1120,30364527,张啸伟
1121,30398820,兰乔
1122,30570998,高圣
1123,30487477,王玉玺
1124,30284781,罗众球
1125,30099536,郭睿
1126,30040221,傅友兴
1127,30063211,张西林
1128,30136918,田俊维
1129,30275685,马洪娟
1130,30437326,吴萍萍
1131,30339259,王亮
1132,30531435,刘伟
1133,30360647,黄成扬
1134,30620918,朱晓龙
1135,30663143,鲁力
1136,30560998,陈旭
1137,30060933,赵滔滔
1138,30505265,张倩
1139,30061865,李怡文
1140,30514515,卢博森
1141,30675033,罗佳明
1142,30288458,李元博
1143,30380513,徐达
1144,30325199,王大鹏
1145,30514458,高永
1146,30596593,赵端端
1147,30591906,赵琳婧
1148,30560440,周欣宇
1149,30301589,张琳娜
1150,30358534,马英
1151,30563211,谭珏娜
1152,30040926,陈鹏
1153,30514362,房雷
1154,30184620,林材
1155,30574711,何杰
1156,30523334,王静
1157,30198745,赵宏宇
1158,30557810,余斌
1159,30298009,林鹏
1160,30422170,秦绪文
1161,30552205,曾鸿
1162,30567229,应洁茜
1163,30156431,周谧
1164,30443014,陈志华
1165,30059214,綦缚鹏
1166,30324808,于利强
1167,30643531,吴清宇
1168,30364715,刘文良
1169,30283643,李振兴
1170,30040506,张文P
1171,30581892,农冰立
1172,30469080,唐雷
1173,30282133,祝松
1174,30132705,刘鲁旦
1175,30036320,韩会永
1176,30059203,彭云峰
1177,30546588,宫志芳
1178,30642988,兰传杰
1179,30665624,杨宗昌
1180,30424663,蒋小玲
1181,30062778,唐晓斌
1182,30048234,王颖
1183,30546481,罗晓倩
1184,30661263,周梦婕
1185,30112148,刘晓晨
1186,30570050,宋海岸
1187,30301689,张延闽
1188,30517853,陆莹
1189,30541348,张磊
1190,30443777,祝灿
1191,30431736,魏孛
1192,30584716,张鹿
1193,30057541,钟光正
1194,30283608,王涛
1195,30297496,乔海英
1196,30324911,白海峰
1197,30282187,李慧鹏
1198,30480770,王凯
1199,30335060,左金保
1200,30059035,秦娟
1201,30511444,王啸
1202,30374115,杨萍
1203,30541655,孙权
1204,30572636,曾小丽
1205,30335305,向桂英
1206,30050140,乐瑞祺
1207,30405173,柯海东
1208,30485179,黄倩倩
1209,30036316,王旭巍
1210,30457855,敬夏玺
1211,30676326,吴沛文
1212,30367576,陈建军
1213,30483651,楚天舒
1214,30298944,葛鹤军
1215,30467936,李兵伟
1216,30476895,曾雪兰
1217,30356523,钟明
1218,30656699,廉素君
1219,30612105,皮劲松
1220,30176382,李
1221,30364706,付伟
1222,30493972,王丽军
1223,30476652,刘思
1224,30136180,龙川
1225,30112276,潘巍
1226,30566687,何博
1227,30563212,缪夏美
1228,30124776,王曼
1229,30045198,曾国富
1230,30418628,李朝伟
1231,30532811,杨嘉文
1232,30494277,肖觅
1233,30115765,吴国雄
1234,30586262,陈健夫
1235,30633106,吴康
1236,30428941,吕文晔
1237,30366471,成曦
1238,30655386,陈奕雯
1239,30040546,朱志权
1240,30323600,张彦
1241,30493964,漆志伟
1242,30127307,刘琦
1243,30478217,姜锡峰
1244,30499780,王小罡
1245,30081221,滕越
1246,30663863,陆威
1247,30201149,经惠云
1248,30284695,郑昱
1249,30284720,杨淳
1250,30407819,王翔
1251,30570244,吴超
1252,30572638,潘莉
1253,30658289,胡中原
1254,30065071,黄明仁
1255,30544439,何琦
1256,30346936,庄腾飞
1257,30158836,刘波
1258,30429611,孔飞
1259,30579741,伍方方
1260,30501169,金晟哲
1261,30351094,万亿
1262,30522276,管瑞龙
1263,30671192,邹运
1264,30352245,韩哲昊
1265,30495112,李安杰
1266,30192111,段玮婧
1267,30544303,吕晓蓉
1268,30657883,刘骥
1269,30671466,邹舟
1270,30201072,叶瑜珍
1271,30132625,蒲延杰
1272,30040544,朱少醒
1273,30353764,龙悦芳
1274,30581165,杨哲
1275,30420160,聂璐
1276,30561920,高楠
1277,30457853,柳发超
1278,30487503,刘树荣
1279,30483220,姚臻
1280,30484796,刘大巍
1281,30656411,曹治国
1282,30358535,郝旭东
1283,30136170,赵栩
1284,30522601,许健
1285,30549027,刘重晋
1286,30535416,李峰
1287,30578690,刘领坡
1288,30574906,杨帅
1289,30300471,王文华
1290,30568688,黄婧丽
1291,30301316,杨飞
1292,30519713,李恒
1293,30338743,李大刚
1294,30485361,范磊
1295,30059570,李晗
1296,30137673,李游
1297,30043326,张军
1298,30193851,冯小波
1299,30507020,仇秉则
1300,30349236,钱晶
1301,30528116,杨芳
1302,30656436,张再奇
1303,30590487,李伟
1304,30110084,何玄文
1305,30563457,梁雪丹
1306,30361861,王帅
1307,30358022,栾江伟
1308,30194665,刘丽娟
1309,30397558,张崴
1310,30132603,杨鹏飞
1311,30639816,郭敏
1312,30569783,朱晨歌
1313,30518527,戴杰
1314,30275608,蓝雁书
1315,30519597,郭建新
1316,30572543,牟琼屿
1317,30062613,凌超
1318,30199875,毛颖
1319,30290599,高翰昆
1320,30048002,蔡宾
1321,30615703,张萍
1322,30670259,萧嘉倩
1323,30559334,徐黄玮
1324,30525869,王晓贞
1325,30040530,钟智伦
1326,30436316,丁杰科
1327,30541351,徐张红
1328,30511701,张挺
1329,30549683,刘明宇
1330,30078760,易海波
1331,30551985,王文龙
1332,30591022,楼慧源
1333,30283599,周余
1334,30571512,杨杰
1335,30042301,陆文磊
1336,30327018,胡娜
1337,30138293,缪玮彬
1338,30534754,章潇枫
1339,30518062,杜晓安
1340,30579920,茅勇峰
1341,30556142,刘敦
1342,30515273,施文
1343,30652584,邹维
1344,30525554,杜磊
1345,30500333,郑猛
1346,30585246,郅元
1347,30075266,章旭峰
1348,30546820,蒋茜
1349,30352192,郑川江
1350,30130913,张小强
1351,30132316,尹德才
1352,30132405,楼华锋
1353,30166092,盛骅
1354,30522571,颜灵珊
1355,30285338,褚艳辉
1356,30040976,韩海平
1357,30675856,吴彦
1358,30195071,聂毅翔
1359,30579908,韩焯林
1360,30647253,魏淳
1361,30550981,沈丹
1362,30522353,张勇
1363,30660828,石琳
1364,30163568,罗文杰
1365,30675741,龚涛
1366,30536751,庞琳琳
1367,30640109,李锦文
1368,30522355,尚烁徽
1369,30553049,DANIEL DONGNING SUN
1370,30517952,苏燕青
1371,30379533,侯昊
1372,30577463,刘重杰
1373,30073898,王靖
1374,30444857,谢芝兰
1375,30523990,高欣
1376,30190515,魏玉敏
1377,30672627,邓明明
1378,30197569,于泽雨
1379,30070812,刘建岩
1380,30569884,黄斌斌
1381,30276449,吴渭
1382,30097375,刘岚
1383,30646943,王丹
1384,30201543,季鹏
1385,30565418,师婧
1386,30568961,罗捷
1387,30040249,黄瑞庆
1388,30540233,王诗瑶
1389,30282522,张竞
1390,30611272,武杰
1391,30591885,金猛
1392,30624689,赵云煜
1393,30657091,张海静
1394,30043844,吴战峰
1395,30585791,黄艺明
1396,30549028,陈渭泉
1397,30130519,邓岳
1398,30181758,刘彬
1399,30044283,杨爱斌
1400,30572208,焦翠
1401,30163900,黄韵
1402,30670968,朱
1403,30056566,韩晶
1404,30511328,刘铭
1405,30414756,陈钟闻
1406,30566602,李刚
1407,30569179,黄海滨
1408,30543135,吕佳玮
1409,30662062,方龙
1410,30431495,高耀华
1411,30528408,杨帆
1412,30040277,李家春
1413,30667596,吴晖
1414,30486543,蒋磊
1415,30054615,罗博
1416,30181965,何晶
1417,30557903,龙宇飞
1418,30438880,潘龙玲
1419,30335470,李宁
1420,30201934,肖志刚
1421,30072275,申俊华
1422,30198458,陈圆明
1423,30672363,孟棋
1424,30357471,陈利
1425,30379614,罗国庆
1426,30435735,何谦
1427,30070857,李杨
1428,30589073,鞠诗颖
1429,30573348,邓宇翔
1430,30612125,张文泉
1431,30074174,安昀
1432,30432659,吴廷华
1433,30064924,吴文钊
1434,30565161,于浩成
1435,30078629,王颢
1436,30442083,尹华龙
1437,30544226,刘斐
1438,30549685,李博良
1439,30543584,宋东旭
1440,30325617,曹晋文
1441,30421731,韩威俊
1442,30331852,蔡志伟
1443,30550885,刘腾
1444,30130650,许忠海
1445,30600699,张佳蕾
1446,30046790,徐小勇
1447,30069488,王保合
1448,30572209,陈斯扬
1449,30546837,魏u
1450,30546869,张玮
1451,30675695,田阳
1452,30202065,廉晓婵
1453,30545636,杨D
1454,30283513,白冰洋
1455,30165678,张睿
1456,30674275,季伟杰
1457,30368716,韩浩
1458,30572637,胡春霞
1459,30131007,张晓磊
1460,30570070,张兴
1461,30672538,王霆
1462,30064163,申庆
1463,30546622,梁戈伟
1464,30358029,邱骏
1465,30063821,王少成
1466,30589601,王莹莹
1467,30568837,刘先政
1468,30201919,李道滢
1469,30456071,孙迪
1470,30358211,何帅
1471,30552702,杨立
1472,30072617,何翔
1473,30139581,林思
1474,30064073,李璇
1475,30041094,于海颖
1476,30079581,梁浩
1477,30072249,王海青
1478,30185328,马君
1479,30565435,李宜璇
1480,30572207,罗成
1481,30611281,郁琦
1482,30574972,刘志军
1483,30544265,曹进前
1484,30544266,尹粒宇
1485,30512487,张淑婉
1486,30558335,李燕
1487,30629535,丁锐
1488,30671075,刘安坤
1489,30655717,田原
1490,30550884,曾文宏
1491,30552206,秦锋
1492,30421230,方建
1493,30079473,王乐乐
1494,30191326,胡洁
1495,30276448,李羿
1496,30318196,吴卫东
1497,30543591,付世伟
1498,30180744,宋永安
1499,30559048,张静
1500,30352716,万琼
1501,30350672,骆帅
1502,30065459,彭敢
1503,30674029,胡启聪
1504,30413768,袁曦
1505,30510298,沈宏伟
1506,30560735,夏莹莹
1507,30571503,李文良
1508,30555108,梁珉
1509,30555109,王锐
1510,30648051,姜华
1511,30563073,郑铮
1512,30652586,李晓易
1513,30561256,姜萍
1514,30555349,张晓龙
1515,30576621,刘俊清
1516,30130602,佘中强
1517,30672362,成雨轩
1518,30567244,成涛
1519,30579496,胡晓晖
1520,30362195,程H
1521,30564217,罗雯
1522,30564218,IKEDA KAE
1523,30048753,姚锦
1524,30571500,刘克飞
1525,30397559,杨志刚
1526,30558666,梁鹏
1527,30051451,熊志勇
1528,30131280,毛甜
1529,30677373,张璐
1530,30543573,杨凡
1531,30566572,应颖
1532,30565377,顾钰
1533,30668450,马天翼
1534,30331853,颜媛
1535,30137724,观富钦
1536,30336802,倪权生
1537,30562201,刘宏达
1538,30655735,贾腾
1539,30591024,那赛男
1540,30581811,景辉
1541,30550443,卢安平
1542,30495643,周加文
1543,30577635,许飞虎
1544,30070384,叶松
1545,30431468,孙远慧
1546,30356856,高源
1547,30562501,陈龙
1548,30057445,张少华
1549,30515828,谢新
1550,30176879,蔡目荣
1551,30562709,王华
1552,30517488,纪云飞
1553,30350760,陈晨
1554,30608989,阮毅
1555,30599963,吴畏
1556,30132575,周书
1557,30350034,唐能
1558,30642828,陈诗昆
1559,30534734,徐文卉
1560,30564316,周志敏
1561,30349587,伍智勇
1562,30081345,郑如熙
1563,30567056,陈健玮
1564,30196299,贲兴振
1565,30567680,赵旭照
1566,30581239,赵健
1567,30104147,林梦
1568,30558665,张玮升
1569,30576168,常亚桥
1570,30335307,王博强
1571,30633262,郭晓晖
1572,30579495,沈竹熙
1573,30667559,陈宏初
1574,30667560,毕仲圆
1575,30164243,卢轶乔
1576,30167007,陈振宇
1577,30389782,丰晨成
1578,30567966,胡宇飞
1579,30136990,王明德
1580,30038872,邹唯
1581,30537515,万建军
1582,30506808,魏刚
1583,30562202,成钧
1584,30438312,赵世宏
1585,30568687,周咏梅
1586,30640561,姚炜
1587,30305257,吴云峰
1588,30073608,苏文杰
1589,30581592,王迪
1590,30063842,朱红
1591,30512112,陈希希
1592,30551982,顾宇笛
1593,30664268,姜永明
1594,30576554,刘潇
1595,30301377,杨伟
1596,30072180,徐幼华
1597,30516945,蔡卡尔
1598,30131775,蔡铮
1599,30565164,李直
1600,30673526,郑有为
1601,30170849,李杰
1602,30273368,易智泉
1603,30350035,何以广
1604,30201160,曹文俊
1605,30674298,林
1606,30571872,曹紫建
1607,30573653,哈图
1608,30418584,王辉良
1609,30599985,罗皓亮
1610,30638854,冯汉杰
1611,30301029,刘伟琳
1612,30574685,苏辛
1613,30061686,杨德龙
1614,30568690,苏利华
1615,30164234,郭成东
1616,30581893,张朋
1617,30588103,潘中宁
1618,30118273,厉叶淼
1619,30590631,宁君
1620,30563504,陈梦舒
1621,30178536,谈洁颖
1622,30065466,陈士俊
1623,30280107,陈晓
1624,30655716,龚佳佳
1625,30056227,冯波
1626,30056226,周欣
1627,30063386,孙轶佳
1628,30522356,傅奕翔
1629,30040520,章劲
1630,30038091,李琛
1631,30672366,田文舟
1632,30350033,哈默
1633,30161476,王本昌
1634,30673148,李彪
1635,30583663,张丽华
1636,30574206,于文婷
1637,30050258,田宏伟
1638,30660837,何文忠
1639,30304586,方F
1640,30158275,苏秉毅
1641,30583667,孟鸣
1642,30588326,刘凌云
1643,30579632,李静
1644,30047073,陈若劲
1645,30130561,施敏佳
1646,30366117,何龙
1647,30582929,刘晋晋
1648,30119501,郑磊
1649,30069018,梁婷
1650,30670927,史延
1651,30417748,杨梦
1652,30541469,王园园
1653,30638092,宋绍峰
1654,30664503,李石
1655,30638190,张晓圆
1656,30556482,尹海峰
1657,30589069,庞亚平
1658,30393484,陈俊华
1659,30405172,周中
1660,30589070,刘笑明
1661,30659779,包兵华
1662,30605228,姚婷
1663,30136148,黄耀锋
1664,30354709,劳杰男
1665,30560441,朱然
1666,30380770,王恒楠
1667,30655265,董珊珊
1668,30298083,朱庆恒
1669,30039046,许利明
1670,30282939,李铧汶
1671,30386910,黄俊
1672,30081579,鲁炳良
1673,30636924,汪玲
1674,30591172,徐朝贞
1675,30597899,蒋华安
1676,30597905,黄惠宇
1677,30342493,焦文龙
1678,30672365,张子炎
1679,30612130,陆靖昶
1680,30588746,王慧
1681,30652842,石婧
1682,30040431,肖侃宁
1683,30444982,熊侃
1684,30590572,王建钦
1685,30652840,郑科
1686,30590568,桑磊
1687,30137863,陈嘉平
1688,30589068,朱伟东
1689,30042957,刘彦春
1690,30633115,杨扬
1691,30561921,李F
1692,30524249,俞翼之
1693,30579302,梁国桓
1694,30590403,梁福涛
1695,30591862,周鹏
1696,30597240,狄星华
1697,30198403,邓栋
1698,30558008,祝昱丰
1699,30648059,彬彬
1700,30642879,郑鹏
1701,30655605,陈鸿平
1702,30670984,武志骁
1703,30354529,陆丛凡
1704,30581807,欧阳健
1705,30677266,赵楠楠
1706,30197926,袁争光
1707,30494397,李维康
1708,30647513,廖婷婷
1709,30282410,于涛
1710,30063379,丘栋荣
1711,30199401,王金祥
1712,30167070,姜诚
1713,30660329,何移直
1714,30660330,杨志远
1715,30636078,林国怀
1716,30383521,蒋一茜
1717,30643418,吴越
1718,30626750,刘小平
1719,30487451,田r
1720,30164537,张鸿羽
1721,30572459,陈欣
1722,30656268,徐翔
1723,30491432,周宇
1724,30649372,储荞
1725,30422786,庞世恩
1726,30659397,施成
1727,30342503,赵菲
1728,30346728,牛志冬
1729,30486542,许炎
1730,30661637,刘国江
1731,30653672,郭振宇
1732,30516947,杨琪
1733,30639173,蔡健林
1734,30655278,阚磊
1735,30665215,顾柔刚
1736,30643767,陈叶雁南
1737,30643768,冯正彦
1738,30457852,刘心峰
1739,30273057,高海宁
1740,30569399,张沛
1741,30644579,廖新昌
1742,30645878,伍舟宏
1743,30658565,章鸽武
1744,30359053,王宠
1745,30662511,杨
1746,30663468,孙静佳
1747,30655718,杨靖
1748,30304998,罗世锋
1749,30372759,朱天f
1750,30297650,薛小波
1751,30654823,祗飞跃
1752,30039950,杨建华
1753,30660836,代望涛
1754,30653676,陶尹斌
1755,30369143,张羽翔
1756,30561864,杨献忠
1757,30283642,谢书英
1758,30161286,付娟
1759,30660325,兰兰
1760,30081372,高群山
1761,30159270,于善辉
1762,30642736,管仁贤
1763,30072568,肖超虎
1764,30655209,任路
1765,30542081,杨俊
1766,30131394,符健
1767,30182877,张蓓蓓
1768,30200208,商园波
1769,30158276,魏凤春
1770,30674080,陈涵
1771,30064918,胡耀文
1772,30334245,张钟玉
1773,30048332,傅鹏博
1774,30657796,朱U
1775,30659220,曲少杰
1776,30672245,JIANG SHAOKUN
1777,30584181,沈博文
1778,30593651,乐无穹
1779,30061685,蒋建伟
1780,30645926,李海涛
1781,30666630,吴双
1782,30041736,邓时锋
1783,30674081,李洋
1784,30666814,张文君
1785,30674082,高莺
1786,30600336,王明旭
1787,30663469,刘
1788,30612123,史浩翔
1789,30671310,杨彦
1790,30674014,程卉超
1791,30666230,尚琼
1792,30051450,牛勇
1793,30666048,王贵重
1794,30665951,蔡荣成
1795,30435856,马翔
1796,30111236,祁广东
1797,30670610,周怡
1798,30132238,严志勇
1799,30657884,杨红
1800,30334871,董理
1801,30672137,郑晓曦
1802,30060183,张延鹏
1803,30379365,何之渊
1804,30633270,方伟宁
1805,30283570,蔡丹
1806,30284947,刘李杰
1807,30541660,林小聪
1808,30352210,申坤
1809,30567419,马韬
1810,30040392,王春
1811,30276715,饶晓鹏
1812,30062415,杨鹏
1813,30444821,刘思甸
1814,30583688,李佳
1815,30097442,曾鹏
1816,30574435,葛晨
1817,30283331,何凯
1818,30114331,方晗
1819,30065817,洪流
1820,30334870,常蓁
1821,30171673,蔡德森
1822,30050178,胡涛
1823,30672361,陈亘斯
1824,30358189,李林益
1825,30405174,侯春燕
1826,30647388,韩创
1827,30676552,唐颐恒
1828,30304732,侯梧
1829,30055839,李笑薇
1830,30581679,张康康
1831,30422374,梁裕宁
1832,30511920,林高榜
1833,30036319,付浩
1834,30640536,刘健维
1835,30198031,谢治宇
1836,30352218,龚丽丽
1837,30585661,黄稚
1838,30574575,HANYILING
1839,30364524,卞勇
1840,30431800,朱小明
1841,30070381,杨霞辉
1842,30198507,崔俊杰
1843,30135006,张杨
1844,30059042,张志强
1845,30061448,江小震
1846,30072182,乐育涛
1847,30534285,闫冬
1848,30072302,张圣贤
1849,30524622,荆一帆
1850,30202049,赵建
1851,30164252,神玉飞
1852,30043115,钱睿南
1853,30660830,高峰
1854,30165290,焦庆
1855,30506386,张城源
1856,30660324,马丁
1857,30081526,刘伟亭
1858,30066836,王增财
1859,30588209,张锦
1860,30535217,刘志刚
1861,30671557,张谊然
1862,30171966,邹立虎
1863,30297172,刘莎莎
1864,30038277,邹曦
1865,30061866,朱丹
1866,30185774,蒋秀蕾
1867,30622579,张婷
1868,30195116,姚飞军
1869,30280829,黄兴亮
1870,30346935,周琦凯
1871,30457859,赖庆鑫
1872,30157718,冀楠
1873,30060121,李坤元
1874,30584034,江勇
1875,30544882,乔迁
1876,30414349,邹欣
1877,30365601,陈宇
1878,30200510,许家涵
1879,30353102,赵建忠
1880,30657417,黄B
1881,30362098,唐S
1882,30658098,夏明月
1883,30664786,顾凡丁
1884,30072372,殷孝东
1885,30543935,韩益平
1886,30524159,朱冰兵
1887,30589218,陈鹏辉
1888,30349047,刘开运
1889,30484804,徐占杰
1890,30432554,张鹏程
1891,30075049,盖俊龙
1892,30130776,陆文凯
1893,30137339,李响
1894,30674554,周杨
1895,30582108,陈觉平
1896,30671554,王钟
1897,30054252,蒋劲刚
1898,30571521,张捷
1899,30590725,罗军妮
1900,30353488,陈颖
1901,30466799,吕姝仪
1902,30377927,潘明曦
1903,30342558,韩冰
1904,30043465,刘自强
1905,30565420,曾豪
1906,30338357,易镜明
1907,30073974,万莉
1908,30674195,徐俊
1909,30513369,张汉毅
1910,30142282,刘苏
1911,30060238,余广
1912,30466640,周寒颖
1913,30444047,邱ZF
1914,30432546,罗洋
1915,30040529,郑煜
1916,30675846,董季周
1917,30164232,孙琳
1918,30518330,季新星
1919,30571807,林博程
1920,30040459,杨谷
1921,30523356,张强
1922,30069306,宋德舜
1923,30131217,赵磊
1924,30365048,张
1925,30130533,虞淼
1926,30049498,王品
1927,30081599,季文华
1928,30304733,季侃乐
1929,30332868,尹维国
1930,30604516,施钰
1931,30006400,盛松
1932,30196301,魏晓雪
1933,30045199,戴奇雷
1934,30479076,王化鑫
1935,30140867,孙芳
1936,30074106,杜猛
1937,30655215,王萍莉
1938,30552965,郦彬
1939,30132847,谷琦彬
1940,30036328,徐荔蓉
1941,30071232,董元星
1942,30283282,雷鸣
1943,30494817,林念
1944,30037206,杜海涛
1945,30602892,景晓达
1946,30277861,徐皓
1947,30364092,崔惠军
1948,30190607,王雁杰
1949,30671623,王鑫晨
1950,30516132,陈伯祯
1951,30081575,邓虎
1952,30634027,李宪
1953,30132980,高钢杰
1954,30544263,周昱峰
1955,30650551,莫志刚
1956,30201130,李博涵
1957,30176255,周雪军
1958,30304986,吕越超
1959,30539595,陶敏
1960,30069931,王智慧
1961,30044828,黄峰
1962,30475846,李志
1963,30578430,朱斌全
1964,30059033,吴勇
1965,30339878,陈蔚丰
1966,30156082,杨岳斌
1967,30510886,蒋佳良
1968,30528262,高峥
1969,30589216,叶勇
1970,30653568,陶意非
1971,30062872,石磊
1972,30564229,余科苗
1973,30413764,祝建辉
1974,30275467,王海华
1975,30670568,郑巍山
1976,30301239,王崇
1977,30301238,陈孜铎
1978,30285153,芮晨
1979,30132431,沈楠
1980,30579639,刘鹏
1981,30073052,郭斐
1982,30364301,杨浩
1983,30670731,田龙
1984,30038120,阳琨
1985,30515278,高远
1986,30424662,蔡若林
1987,30590281,严瑾
1988,30169579,刘淑生
1989,30676970,范力
1990,30066834,侯玉琦
1991,30113375,方超
1992,30137813,李媛媛
1993,30364522,王S
1994,30276511,戴斌
1995,30276507,王立立
1996,30069760,赵梅玲
1997,30450957,张能进
1998,30580145,周鑫怿
1999,30130474,张腾
2000,30381870,闵杭
2001,30081338,贾丽杰
2002,30067160,侯斌
2003,30130842,孔祥鹏
2004,30442423,彭欣杨
2005,30634044,艾定飞
2006,30142052,刘荟
2007,30362198,韩丽楠
2008,30448273,曹祥
2009,30475143,林静
2010,30490440,张翔
2011,30493871,朱朝华
2012,30348810,张维文
2013,30040384,童国林
2014,30080853,神爱前
2015,30050037,李飞
2016,30272025,张凯瑜
